timestamp,mouse_id,zone_idx,event
2025-08-24T09:11:33,E9816C,4,enter
2025-08-24T09:11:33,97A4F9,8,enter
2025-08-24T09:11:33,4628F5,13,enter
2025-08-24T09:11:34,2A586B,4,enter
2025-08-24T09:11:34,6A3A76,10,enter
2025-08-24T09:11:34,E9816C,4,leave
2025-08-24T09:11:34,97A4F9,8,leave
2025-08-24T09:11:34,4628F5,13,leave
2025-08-24T09:11:34,2A586B,4,leave
2025-08-24T09:11:34,6A3A76,10,leave
2025-08-24T09:11:35,C9B1C2,6,enter
2025-08-24T09:11:35,EDC0F8,3,enter
2025-08-24T09:11:35,6C0D5E,5,enter
2025-08-24T09:11:35,20AE58,5,enter
2025-08-24T09:11:35,C9B1C2,6,leave
2025-08-24T09:11:35,C9B1C2,4,enter
2025-08-24T09:11:36,944FC8,14,enter
2025-08-24T09:11:36,9AD19A,14,enter
2025-08-24T09:11:36,B65D82,1,enter
2025-08-24T09:11:36,605B9B,9,enter
2025-08-24T09:11:36,B56804,2,enter
2025-08-24T09:11:36,E23B18,10,enter
2025-08-24T09:11:36,EDC0F8,3,leave
2025-08-24T09:11:36,6C0D5E,5,leave
2025-08-24T09:11:36,20AE58,5,leave
2025-08-24T09:11:36,C9B1C2,4,leave
2025-08-24T09:11:37,944FC8,14,leave
2025-08-24T09:11:37,9AD19A,14,leave
2025-08-24T09:11:37,B65D82,1,leave
2025-08-24T09:11:37,605B9B,9,leave
2025-08-24T09:11:37,B56804,2,leave
2025-08-24T09:11:37,E23B18,10,leave
2025-08-24T09:11:37,944FC8,14,enter
2025-08-24T09:11:37,9AD19A,10,enter
2025-08-24T09:11:37,EDAA47,1,enter
2025-08-24T09:11:37,C9B1C2,12,enter
2025-08-24T09:11:37,6C0D5E,12,enter
2025-08-24T09:11:37,701D6F,3,enter
2025-08-24T09:11:37,F19029,4,enter
2025-08-24T09:11:38,F19029,4,leave
2025-08-24T09:11:38,F19029,13,enter
2025-08-24T09:11:38,2A586B,8,enter
2025-08-24T09:11:38,EDC0F8,3,enter
2025-08-24T09:11:38,944FC8,14,leave
2025-08-24T09:11:38,9AD19A,10,leave
2025-08-24T09:11:38,EDAA47,1,leave
2025-08-24T09:11:38,C9B1C2,12,leave
2025-08-24T09:11:38,6C0D5E,12,leave
2025-08-24T09:11:38,701D6F,3,leave
2025-08-24T09:11:39,EB0809,7,enter
2025-08-24T09:11:39,F19029,13,leave
2025-08-24T09:11:39,2A586B,8,leave
2025-08-24T09:11:39,EDC0F8,3,leave
2025-08-24T09:11:39,20AE58,5,enter
2025-08-24T09:11:39,9AD19A,5,enter
2025-08-24T09:11:39,EDC0F8,5,enter
2025-08-24T09:11:39,2A586B,3,enter
2025-08-24T09:11:39,202BBE,0,enter
2025-08-24T09:11:39,090C20,1,enter
2025-08-24T09:11:39,6C0D5E,8,enter
2025-08-24T09:11:39,C9B1C2,6,enter
2025-08-24T09:11:39,701D6F,6,enter
2025-08-24T09:11:39,EB0809,7,leave
2025-08-24T09:11:40,701D6F,6,leave
2025-08-24T09:11:40,701D6F,7,enter
2025-08-24T09:11:40,A4A98D,8,enter
2025-08-24T09:11:40,EB0809,0,enter
2025-08-24T09:11:40,944FC8,13,enter
2025-08-24T09:11:40,EDC0F8,5,leave
2025-08-24T09:11:40,EDC0F8,2,enter
2025-08-24T09:11:40,E9816C,5,enter
2025-08-24T09:11:40,20AE58,5,leave
2025-08-24T09:11:40,20AE58,11,enter
2025-08-24T09:11:40,9AD19A,5,leave
2025-08-24T09:11:40,2A586B,3,leave
2025-08-24T09:11:40,202BBE,0,leave
2025-08-24T09:11:40,090C20,1,leave
2025-08-24T09:11:40,6C0D5E,8,leave
2025-08-24T09:11:40,C9B1C2,6,leave
2025-08-24T09:11:40,EDAA47,14,enter
2025-08-24T09:11:40,202BBE,5,enter
2025-08-24T09:11:40,6EF255,1,enter
2025-08-24T09:11:40,4628F5,6,enter
2025-08-24T09:11:40,2A586B,11,enter
2025-08-24T09:11:40,F19029,11,enter
2025-08-24T09:11:40,97A4F9,8,enter
2025-08-24T09:11:40,556821,10,enter
2025-08-24T09:11:40,A890FB,10,enter
2025-08-24T09:11:40,B56804,13,enter
2025-08-24T09:11:40,701D6F,7,leave
2025-08-24T09:11:40,A4A98D,8,leave
2025-08-24T09:11:40,EB0809,0,leave
2025-08-24T09:11:40,944FC8,13,leave
2025-08-24T09:11:40,EDC0F8,2,leave
2025-08-24T09:11:40,E9816C,5,leave
2025-08-24T09:11:40,20AE58,11,leave
2025-08-24T09:11:41,C2B3C2,12,enter
2025-08-24T09:11:41,4628F5,6,leave
2025-08-24T09:11:41,4628F5,9,enter
2025-08-24T09:11:41,701D6F,7,enter
2025-08-24T09:11:41,97A4F9,8,leave
2025-08-24T09:11:41,97A4F9,7,enter
2025-08-24T09:11:41,C9B1C2,7,enter
2025-08-24T09:11:41,F19029,11,leave
2025-08-24T09:11:41,F19029,0,enter
2025-08-24T09:11:41,556821,10,leave
2025-08-24T09:11:41,556821,3,enter
2025-08-24T09:11:41,944FC8,4,enter
2025-08-24T09:11:41,B65D82,4,enter
2025-08-24T09:11:41,EDAA47,14,leave
2025-08-24T09:11:41,202BBE,5,leave
2025-08-24T09:11:41,6EF255,1,leave
2025-08-24T09:11:41,2A586B,11,leave
2025-08-24T09:11:41,A890FB,10,leave
2025-08-24T09:11:41,B56804,13,leave
2025-08-24T09:11:42,EB0809,5,enter
2025-08-24T09:11:42,C2B3C2,12,leave
2025-08-24T09:11:42,4628F5,9,leave
2025-08-24T09:11:42,701D6F,7,leave
2025-08-24T09:11:42,97A4F9,7,leave
2025-08-24T09:11:42,C9B1C2,7,leave
2025-08-24T09:11:42,F19029,0,leave
2025-08-24T09:11:42,556821,3,leave
2025-08-24T09:11:42,944FC8,4,leave
2025-08-24T09:11:42,B65D82,4,leave
2025-08-24T09:11:42,F19029,9,enter
2025-08-24T09:11:42,EB0809,5,leave
2025-08-24T09:11:42,EB0809,13,enter
2025-08-24T09:11:42,EDAA47,13,enter
2025-08-24T09:11:42,E23B18,12,enter
2025-08-24T09:11:42,C9B1C2,1,enter
2025-08-24T09:11:42,A890FB,1,enter
2025-08-24T09:11:42,A1DF88,3,enter
2025-08-24T09:11:42,E9816C,4,enter
2025-08-24T09:11:42,2A586B,4,enter
2025-08-24T09:11:43,E2C01E,9,enter
2025-08-24T09:11:43,556821,12,enter
2025-08-24T09:11:43,202BBE,14,enter
2025-08-24T09:11:43,20AE58,14,enter
2025-08-24T09:11:43,A890FB,1,leave
2025-08-24T09:11:43,A890FB,13,enter
2025-08-24T09:11:43,DE1A20,13,enter
2025-08-24T09:11:43,F19029,9,leave
2025-08-24T09:11:43,EB0809,13,leave
2025-08-24T09:11:43,EDAA47,13,leave
2025-08-24T09:11:43,E23B18,12,leave
2025-08-24T09:11:43,C9B1C2,1,leave
2025-08-24T09:11:43,A1DF88,3,leave
2025-08-24T09:11:43,E9816C,4,leave
2025-08-24T09:11:43,2A586B,4,leave
2025-08-24T09:11:43,944FC8,1,enter
2025-08-24T09:11:43,E2C01E,9,leave
2025-08-24T09:11:43,556821,12,leave
2025-08-24T09:11:43,202BBE,14,leave
2025-08-24T09:11:43,20AE58,14,leave
2025-08-24T09:11:43,A890FB,13,leave
2025-08-24T09:11:43,DE1A20,13,leave
2025-08-24T09:11:44,090C20,5,enter
2025-08-24T09:11:44,2A586B,1,enter
2025-08-24T09:11:44,20AE58,13,enter
2025-08-24T09:11:44,F19029,13,enter
2025-08-24T09:11:44,DE9064,3,enter
2025-08-24T09:11:44,6A3A76,3,enter
2025-08-24T09:11:44,944FC8,1,leave
2025-08-24T09:11:45,2A586B,1,leave
2025-08-24T09:11:45,2A586B,3,enter
2025-08-24T09:11:45,C9B1C2,13,enter
2025-08-24T09:11:45,EDC0F8,1,enter
2025-08-24T09:11:45,EB0809,10,enter
2025-08-24T09:11:45,E2C01E,0,enter
2025-08-24T09:11:45,090C20,5,leave
2025-08-24T09:11:45,20AE58,13,leave
2025-08-24T09:11:45,F19029,13,leave
2025-08-24T09:11:45,DE9064,3,leave
2025-08-24T09:11:45,6A3A76,3,leave
2025-08-24T09:11:45,E23B18,2,enter
2025-08-24T09:11:45,556821,10,enter
2025-08-24T09:11:45,2A586B,3,leave
2025-08-24T09:11:45,2A586B,14,enter
2025-08-24T09:11:45,EDC0F8,1,leave
2025-08-24T09:11:45,EDC0F8,9,enter
2025-08-24T09:11:45,C9B1C2,13,leave
2025-08-24T09:11:45,EB0809,10,leave
2025-08-24T09:11:45,E2C01E,0,leave
2025-08-24T09:11:46,701D6F,4,enter
2025-08-24T09:11:46,6C0D5E,6,enter
2025-08-24T09:11:46,E23B18,2,leave
2025-08-24T09:11:46,556821,10,leave
2025-08-24T09:11:46,2A586B,14,leave
2025-08-24T09:11:46,EDC0F8,9,leave
2025-08-24T09:11:46,A890FB,3,enter
2025-08-24T09:11:46,97A4F9,11,enter
2025-08-24T09:11:46,2A586B,6,enter
2025-08-24T09:11:46,4628F5,9,enter
2025-08-24T09:11:46,F19029,12,enter
2025-08-24T09:11:46,701D6F,4,leave
2025-08-24T09:11:46,6C0D5E,6,leave
2025-08-24T09:11:47,6A3A76,5,enter
2025-08-24T09:11:47,556821,5,enter
2025-08-24T09:11:47,DE1A20,7,enter
2025-08-24T09:11:47,090C20,1,enter
2025-08-24T09:11:47,E2C01E,3,enter
2025-08-24T09:11:47,A890FB,3,leave
2025-08-24T09:11:47,97A4F9,11,leave
2025-08-24T09:11:47,2A586B,6,leave
2025-08-24T09:11:47,4628F5,9,leave
2025-08-24T09:11:47,F19029,12,leave
2025-08-24T09:11:48,6A3A76,5,leave
2025-08-24T09:11:48,556821,5,leave
2025-08-24T09:11:48,DE1A20,7,leave
2025-08-24T09:11:48,090C20,1,leave
2025-08-24T09:11:48,E2C01E,3,leave
2025-08-24T09:11:48,97A4F9,13,enter
2025-08-24T09:11:48,E23B18,9,enter
2025-08-24T09:11:48,F19029,8,enter
2025-08-24T09:11:48,DE9064,6,enter
2025-08-24T09:11:48,B56804,1,enter
2025-08-24T09:11:48,090C20,1,enter
2025-08-24T09:11:48,605B9B,0,enter
2025-08-24T09:11:49,20AE58,5,enter
2025-08-24T09:11:49,EDAA47,1,enter
2025-08-24T09:11:49,6EF255,7,enter
2025-08-24T09:11:49,97A4F9,13,leave
2025-08-24T09:11:49,E23B18,9,leave
2025-08-24T09:11:49,F19029,8,leave
2025-08-24T09:11:49,DE9064,6,leave
2025-08-24T09:11:49,B56804,1,leave
2025-08-24T09:11:49,090C20,1,leave
2025-08-24T09:11:49,605B9B,0,leave
2025-08-24T09:11:49,701D6F,12,enter
2025-08-24T09:11:49,EDAA47,1,leave
2025-08-24T09:11:49,EDAA47,8,enter
2025-08-24T09:11:49,2A586B,0,enter
2025-08-24T09:11:49,20AE58,5,leave
2025-08-24T09:11:49,6EF255,7,leave
2025-08-24T09:11:50,DE9064,3,enter
2025-08-24T09:11:50,A890FB,10,enter
2025-08-24T09:11:50,B65D82,1,enter
2025-08-24T09:11:50,605B9B,0,enter
2025-08-24T09:11:50,202BBE,4,enter
2025-08-24T09:11:50,701D6F,12,leave
2025-08-24T09:11:50,EDAA47,8,leave
2025-08-24T09:11:50,2A586B,0,leave
2025-08-24T09:11:51,C2B3C2,0,enter
2025-08-24T09:11:51,E23B18,14,enter
2025-08-24T09:11:51,DE9064,3,leave
2025-08-24T09:11:51,A890FB,10,leave
2025-08-24T09:11:51,B65D82,1,leave
2025-08-24T09:11:51,605B9B,0,leave
2025-08-24T09:11:51,202BBE,4,leave
2025-08-24T09:11:51,20AE58,6,enter
2025-08-24T09:11:51,C2B3C2,0,leave
2025-08-24T09:11:51,C2B3C2,13,enter
2025-08-24T09:11:51,A1DF88,0,enter
2025-08-24T09:11:51,202BBE,0,enter
2025-08-24T09:11:51,F19029,5,enter
2025-08-24T09:11:51,9AD19A,5,enter
2025-08-24T09:11:51,556821,9,enter
2025-08-24T09:11:51,E2C01E,10,enter
2025-08-24T09:11:51,EB0809,10,enter
2025-08-24T09:11:51,B65D82,12,enter
2025-08-24T09:11:51,E23B18,14,leave
2025-08-24T09:11:52,4628F5,11,enter
2025-08-24T09:11:52,A4A98D,12,enter
2025-08-24T09:11:52,B65D82,12,leave
2025-08-24T09:11:52,B65D82,8,enter
2025-08-24T09:11:52,EDAA47,2,enter
2025-08-24T09:11:52,DE1A20,7,enter
2025-08-24T09:11:52,A890FB,7,enter
2025-08-24T09:11:52,20AE58,6,leave
2025-08-24T09:11:52,C2B3C2,13,leave
2025-08-24T09:11:52,A1DF88,0,leave
2025-08-24T09:11:52,202BBE,0,leave
2025-08-24T09:11:52,F19029,5,leave
2025-08-24T09:11:52,9AD19A,5,leave
2025-08-24T09:11:52,556821,9,leave
2025-08-24T09:11:52,E2C01E,10,leave
2025-08-24T09:11:52,EB0809,10,leave
2025-08-24T09:11:53,4628F5,11,leave
2025-08-24T09:11:53,A4A98D,12,leave
2025-08-24T09:11:53,B65D82,8,leave
2025-08-24T09:11:53,EDAA47,2,leave
2025-08-24T09:11:53,DE1A20,7,leave
2025-08-24T09:11:53,A890FB,7,leave
2025-08-24T09:11:53,C9B1C2,13,enter
2025-08-24T09:11:53,6C0D5E,4,enter
2025-08-24T09:11:53,A4A98D,5,enter
2025-08-24T09:11:53,A1DF88,10,enter
2025-08-24T09:11:53,DE9064,10,enter
2025-08-24T09:11:53,701D6F,10,enter
2025-08-24T09:11:54,EB0809,13,enter
2025-08-24T09:11:54,944FC8,14,enter
2025-08-24T09:11:54,EDC0F8,10,enter
2025-08-24T09:11:54,A4A98D,5,leave
2025-08-24T09:11:54,A4A98D,11,enter
2025-08-24T09:11:54,A890FB,0,enter
2025-08-24T09:11:54,F19029,6,enter
2025-08-24T09:11:54,C9B1C2,13,leave
2025-08-24T09:11:54,6C0D5E,4,leave
2025-08-24T09:11:54,A1DF88,10,leave
2025-08-24T09:11:54,DE9064,10,leave
2025-08-24T09:11:54,701D6F,10,leave
2025-08-24T09:11:54,A4A98D,11,leave
2025-08-24T09:11:54,A4A98D,7,enter
2025-08-24T09:11:54,9AD19A,2,enter
2025-08-24T09:11:54,A890FB,0,leave
2025-08-24T09:11:54,A890FB,3,enter
2025-08-24T09:11:54,EB0809,13,leave
2025-08-24T09:11:54,944FC8,14,leave
2025-08-24T09:11:54,EDC0F8,10,leave
2025-08-24T09:11:54,F19029,6,leave
2025-08-24T09:11:55,B56804,1,enter
2025-08-24T09:11:55,944FC8,6,enter
2025-08-24T09:11:55,EB0809,5,enter
2025-08-24T09:11:55,97A4F9,5,enter
2025-08-24T09:11:55,DE1A20,0,enter
2025-08-24T09:11:55,2A586B,4,enter
2025-08-24T09:11:55,EDC0F8,4,enter
2025-08-24T09:11:55,A1DF88,10,enter
2025-08-24T09:11:55,A4A98D,7,leave
2025-08-24T09:11:55,9AD19A,2,leave
2025-08-24T09:11:55,A890FB,3,leave
2025-08-24T09:11:56,EDAA47,8,enter
2025-08-24T09:11:56,9AD19A,8,enter
2025-08-24T09:11:56,556821,12,enter
2025-08-24T09:11:56,944FC8,6,leave
2025-08-24T09:11:56,944FC8,5,enter
2025-08-24T09:11:56,B56804,1,leave
2025-08-24T09:11:56,B56804,4,enter
2025-08-24T09:11:56,EB0809,5,leave
2025-08-24T09:11:56,97A4F9,5,leave
2025-08-24T09:11:56,DE1A20,0,leave
2025-08-24T09:11:56,2A586B,4,leave
2025-08-24T09:11:56,EDC0F8,4,leave
2025-08-24T09:11:56,A1DF88,10,leave
2025-08-24T09:11:56,6EF255,4,enter
2025-08-24T09:11:56,202BBE,4,enter
2025-08-24T09:11:56,C2B3C2,3,enter
2025-08-24T09:11:56,E23B18,10,enter
2025-08-24T09:11:56,C9B1C2,11,enter
2025-08-24T09:11:56,DE1A20,8,enter
2025-08-24T09:11:56,2A586B,0,enter
2025-08-24T09:11:56,E9816C,0,enter
2025-08-24T09:11:56,A890FB,1,enter
2025-08-24T09:11:56,EDAA47,8,leave
2025-08-24T09:11:56,9AD19A,8,leave
2025-08-24T09:11:56,556821,12,leave
2025-08-24T09:11:56,944FC8,5,leave
2025-08-24T09:11:56,B56804,4,leave
2025-08-24T09:11:57,DE9064,13,enter
2025-08-24T09:11:57,6C0D5E,13,enter
2025-08-24T09:11:57,6A3A76,8,enter
2025-08-24T09:11:57,556821,5,enter
2025-08-24T09:11:57,A4A98D,0,enter
2025-08-24T09:11:57,F19029,11,enter
2025-08-24T09:11:57,090C20,1,enter
2025-08-24T09:11:57,DE1A20,8,leave
2025-08-24T09:11:57,DE1A20,9,enter
2025-08-24T09:11:57,6EF255,4,leave
2025-08-24T09:11:57,202BBE,4,leave
2025-08-24T09:11:57,C2B3C2,3,leave
2025-08-24T09:11:57,E23B18,10,leave
2025-08-24T09:11:57,C9B1C2,11,leave
2025-08-24T09:11:57,2A586B,0,leave
2025-08-24T09:11:57,E9816C,0,leave
2025-08-24T09:11:57,A890FB,1,leave
2025-08-24T09:11:57,E2C01E,0,enter
2025-08-24T09:11:57,B56804,1,enter
2025-08-24T09:11:57,20AE58,1,enter
2025-08-24T09:11:57,F19029,11,leave
2025-08-24T09:11:57,F19029,1,enter
2025-08-24T09:11:57,605B9B,12,enter
2025-08-24T09:11:57,DE9064,13,leave
2025-08-24T09:11:57,6C0D5E,13,leave
2025-08-24T09:11:57,6A3A76,8,leave
2025-08-24T09:11:57,556821,5,leave
2025-08-24T09:11:57,A4A98D,0,leave
2025-08-24T09:11:57,090C20,1,leave
2025-08-24T09:11:57,DE1A20,9,leave
2025-08-24T09:11:58,6C0D5E,8,enter
2025-08-24T09:11:58,A890FB,8,enter
2025-08-24T09:11:58,EDC0F8,14,enter
2025-08-24T09:11:58,556821,0,enter
2025-08-24T09:11:58,20AE58,1,leave
2025-08-24T09:11:58,20AE58,10,enter
2025-08-24T09:11:58,E2C01E,0,leave
2025-08-24T09:11:58,B56804,1,leave
2025-08-24T09:11:58,F19029,1,leave
2025-08-24T09:11:58,605B9B,12,leave
2025-08-24T09:11:59,20AE58,10,leave
2025-08-24T09:11:59,20AE58,3,enter
2025-08-24T09:11:59,C2B3C2,1,enter
2025-08-24T09:11:59,DE9064,0,enter
2025-08-24T09:11:59,E2C01E,9,enter
2025-08-24T09:11:59,A4A98D,13,enter
2025-08-24T09:11:59,701D6F,6,enter
2025-08-24T09:11:59,6C0D5E,8,leave
2025-08-24T09:11:59,A890FB,8,leave
2025-08-24T09:11:59,EDC0F8,14,leave
2025-08-24T09:11:59,556821,0,leave
2025-08-24T09:11:59,A890FB,2,enter
2025-08-24T09:11:59,97A4F9,4,enter
2025-08-24T09:11:59,DE1A20,7,enter
2025-08-24T09:11:59,2A586B,0,enter
2025-08-24T09:11:59,20AE58,3,leave
2025-08-24T09:11:59,20AE58,5,enter
2025-08-24T09:11:59,556821,8,enter
2025-08-24T09:11:59,C2B3C2,1,leave
2025-08-24T09:11:59,DE9064,0,leave
2025-08-24T09:11:59,E2C01E,9,leave
2025-08-24T09:11:59,A4A98D,13,leave
2025-08-24T09:11:59,701D6F,6,leave
2025-08-24T09:12:00,A890FB,2,leave
2025-08-24T09:12:00,97A4F9,4,leave
2025-08-24T09:12:00,DE1A20,7,leave
2025-08-24T09:12:00,2A586B,0,leave
2025-08-24T09:12:00,20AE58,5,leave
2025-08-24T09:12:00,556821,8,leave
2025-08-24T09:12:00,A890FB,12,enter
2025-08-24T09:12:00,B56804,4,enter
2025-08-24T09:12:00,97A4F9,4,enter
2025-08-24T09:12:00,202BBE,1,enter
2025-08-24T09:12:01,556821,8,enter
2025-08-24T09:12:01,090C20,8,enter
2025-08-24T09:12:01,B56804,4,leave
2025-08-24T09:12:01,B56804,10,enter
2025-08-24T09:12:01,E2C01E,6,enter
2025-08-24T09:12:01,C9B1C2,1,enter
2025-08-24T09:12:01,97A4F9,4,leave
2025-08-24T09:12:01,97A4F9,2,enter
2025-08-24T09:12:01,A1DF88,14,enter
2025-08-24T09:12:01,A890FB,12,leave
2025-08-24T09:12:01,202BBE,1,leave
2025-08-24T09:12:02,556821,8,leave
2025-08-24T09:12:02,090C20,8,leave
2025-08-24T09:12:02,B56804,10,leave
2025-08-24T09:12:02,E2C01E,6,leave
2025-08-24T09:12:02,C9B1C2,1,leave
2025-08-24T09:12:02,97A4F9,2,leave
2025-08-24T09:12:02,A1DF88,14,leave
2025-08-24T09:12:02,E23B18,3,enter
2025-08-24T09:12:02,97A4F9,3,enter
2025-08-24T09:12:02,2A586B,2,enter
2025-08-24T09:12:02,B65D82,2,enter
2025-08-24T09:12:02,EB0809,8,enter
2025-08-24T09:12:02,A4A98D,8,enter
2025-08-24T09:12:02,6EF255,14,enter
2025-08-24T09:12:02,C2B3C2,1,enter
2025-08-24T09:12:02,E2C01E,1,enter
2025-08-24T09:12:03,B65D82,2,leave
2025-08-24T09:12:03,B65D82,3,enter
2025-08-24T09:12:03,DE9064,3,enter
2025-08-24T09:12:03,EB0809,8,leave
2025-08-24T09:12:03,EB0809,0,enter
2025-08-24T09:12:03,E9816C,0,enter
2025-08-24T09:12:03,6C0D5E,1,enter
2025-08-24T09:12:03,20AE58,1,enter
2025-08-24T09:12:03,F19029,4,enter
2025-08-24T09:12:03,EDC0F8,4,enter
2025-08-24T09:12:03,605B9B,12,enter
2025-08-24T09:12:03,E23B18,3,leave
2025-08-24T09:12:03,97A4F9,3,leave
2025-08-24T09:12:03,2A586B,2,leave
2025-08-24T09:12:03,A4A98D,8,leave
2025-08-24T09:12:03,6EF255,14,leave
2025-08-24T09:12:03,C2B3C2,1,leave
2025-08-24T09:12:03,E2C01E,1,leave
2025-08-24T09:12:04,A1DF88,2,enter
2025-08-24T09:12:04,4628F5,14,enter
2025-08-24T09:12:04,944FC8,5,enter
2025-08-24T09:12:04,202BBE,10,enter
2025-08-24T09:12:04,556821,9,enter
2025-08-24T09:12:04,B65D82,3,leave
2025-08-24T09:12:04,DE9064,3,leave
2025-08-24T09:12:04,EB0809,0,leave
2025-08-24T09:12:04,E9816C,0,leave
2025-08-24T09:12:04,6C0D5E,1,leave
2025-08-24T09:12:04,20AE58,1,leave
2025-08-24T09:12:04,F19029,4,leave
2025-08-24T09:12:04,EDC0F8,4,leave
2025-08-24T09:12:04,605B9B,12,leave
2025-08-24T09:12:04,9AD19A,1,enter
2025-08-24T09:12:04,E23B18,8,enter
2025-08-24T09:12:04,C2B3C2,0,enter
2025-08-24T09:12:04,A1DF88,2,leave
2025-08-24T09:12:04,4628F5,14,leave
2025-08-24T09:12:04,944FC8,5,leave
2025-08-24T09:12:04,202BBE,10,leave
2025-08-24T09:12:04,556821,9,leave
2025-08-24T09:12:05,556821,12,enter
2025-08-24T09:12:05,20AE58,9,enter
2025-08-24T09:12:05,C9B1C2,1,enter
2025-08-24T09:12:05,F19029,13,enter
2025-08-24T09:12:05,DE9064,13,enter
2025-08-24T09:12:05,090C20,7,enter
2025-08-24T09:12:05,97A4F9,8,enter
2025-08-24T09:12:05,9AD19A,1,leave
2025-08-24T09:12:05,E23B18,8,leave
2025-08-24T09:12:05,C2B3C2,0,leave
2025-08-24T09:12:05,6A3A76,5,enter
2025-08-24T09:12:05,F19029,13,leave
2025-08-24T09:12:05,F19029,5,enter
2025-08-24T09:12:05,6C0D5E,13,enter
2025-08-24T09:12:05,DE9064,13,leave
2025-08-24T09:12:05,DE9064,6,enter
2025-08-24T09:12:05,C9B1C2,1,leave
2025-08-24T09:12:05,C9B1C2,8,enter
2025-08-24T09:12:05,20AE58,9,leave
2025-08-24T09:12:05,20AE58,3,enter
2025-08-24T09:12:05,A1DF88,7,enter
2025-08-24T09:12:05,C2B3C2,1,enter
2025-08-24T09:12:05,556821,12,leave
2025-08-24T09:12:05,090C20,7,leave
2025-08-24T09:12:05,97A4F9,8,leave
2025-08-24T09:12:06,E23B18,7,enter
2025-08-24T09:12:06,4628F5,7,enter
2025-08-24T09:12:06,944FC8,7,enter
2025-08-24T09:12:06,DE1A20,1,enter
2025-08-24T09:12:06,A4A98D,1,enter
2025-08-24T09:12:06,A1DF88,7,leave
2025-08-24T09:12:06,A1DF88,4,enter
2025-08-24T09:12:06,556821,10,enter
2025-08-24T09:12:06,DE9064,6,leave
2025-08-24T09:12:06,DE9064,8,enter
2025-08-24T09:12:06,E2C01E,13,enter
2025-08-24T09:12:06,6A3A76,5,leave
2025-08-24T09:12:06,F19029,5,leave
2025-08-24T09:12:06,6C0D5E,13,leave
2025-08-24T09:12:06,C9B1C2,8,leave
2025-08-24T09:12:06,20AE58,3,leave
2025-08-24T09:12:06,C2B3C2,1,leave
2025-08-24T09:12:09,C9B1C2,3,enter
2025-08-24T09:12:09,2A586B,10,enter
2025-08-24T09:12:09,605B9B,14,enter
2025-08-24T09:12:09,6EF255,2,enter
2025-08-24T09:12:09,E23B18,7,leave
2025-08-24T09:12:09,4628F5,7,leave
2025-08-24T09:12:09,944FC8,7,leave
2025-08-24T09:12:09,DE1A20,1,leave
2025-08-24T09:12:09,A4A98D,1,leave
2025-08-24T09:12:09,A1DF88,4,leave
2025-08-24T09:12:09,556821,10,leave
2025-08-24T09:12:09,DE9064,8,leave
2025-08-24T09:12:09,E2C01E,13,leave
2025-08-24T09:12:10,C9B1C2,3,leave
2025-08-24T09:12:10,2A586B,10,leave
2025-08-24T09:12:10,605B9B,14,leave
2025-08-24T09:12:10,6EF255,2,leave
2025-08-24T09:12:10,EB0809,0,enter
2025-08-24T09:12:10,701D6F,6,enter
2025-08-24T09:12:10,DE1A20,5,enter
2025-08-24T09:12:10,6C0D5E,5,enter
2025-08-24T09:12:10,090C20,11,enter
2025-08-24T09:12:10,EDC0F8,13,enter
2025-08-24T09:12:10,6A3A76,10,enter
2025-08-24T09:12:10,EDAA47,1,enter
2025-08-24T09:12:10,2A586B,4,enter
2025-08-24T09:12:11,9AD19A,8,enter
2025-08-24T09:12:11,E9816C,12,enter
2025-08-24T09:12:11,A4A98D,5,enter
2025-08-24T09:12:11,090C20,11,leave
2025-08-24T09:12:11,090C20,13,enter
2025-08-24T09:12:11,EB0809,0,leave
2025-08-24T09:12:11,701D6F,6,leave
2025-08-24T09:12:11,DE1A20,5,leave
2025-08-24T09:12:11,6C0D5E,5,leave
2025-08-24T09:12:11,EDC0F8,13,leave
2025-08-24T09:12:11,6A3A76,10,leave
2025-08-24T09:12:11,EDAA47,1,leave
2025-08-24T09:12:11,2A586B,4,leave
2025-08-24T09:12:12,A1DF88,5,enter
2025-08-24T09:12:12,944FC8,7,enter
2025-08-24T09:12:12,9AD19A,8,leave
2025-08-24T09:12:12,E9816C,12,leave
2025-08-24T09:12:12,A4A98D,5,leave
2025-08-24T09:12:12,090C20,13,leave
2025-08-24T09:12:12,C9B1C2,4,enter
2025-08-24T09:12:12,EDAA47,0,enter
2025-08-24T09:12:12,B56804,5,enter
2025-08-24T09:12:12,6A3A76,5,enter
2025-08-24T09:12:12,4628F5,13,enter
2025-08-24T09:12:12,EB0809,9,enter
2025-08-24T09:12:12,A1DF88,5,leave
2025-08-24T09:12:12,944FC8,7,leave
2025-08-24T09:12:13,97A4F9,9,enter
2025-08-24T09:12:13,4628F5,13,leave
2025-08-24T09:12:13,4628F5,9,enter
2025-08-24T09:12:13,2A586B,9,enter
2025-08-24T09:12:13,6EF255,5,enter
2025-08-24T09:12:13,EB0809,9,leave
2025-08-24T09:12:13,EB0809,5,enter
2025-08-24T09:12:13,556821,14,enter
2025-08-24T09:12:13,090C20,10,enter
2025-08-24T09:12:13,B65D82,10,enter
2025-08-24T09:12:13,EDC0F8,10,enter
2025-08-24T09:12:13,20AE58,11,enter
2025-08-24T09:12:13,C9B1C2,4,leave
2025-08-24T09:12:13,EDAA47,0,leave
2025-08-24T09:12:13,B56804,5,leave
2025-08-24T09:12:13,6A3A76,5,leave
2025-08-24T09:12:14,EDAA47,7,enter
2025-08-24T09:12:14,944FC8,2,enter
2025-08-24T09:12:14,202BBE,3,enter
2025-08-24T09:12:14,97A4F9,9,leave
2025-08-24T09:12:14,4628F5,9,leave
2025-08-24T09:12:14,2A586B,9,leave
2025-08-24T09:12:14,6EF255,5,leave
2025-08-24T09:12:14,EB0809,5,leave
2025-08-24T09:12:14,556821,14,leave
2025-08-24T09:12:14,090C20,10,leave
2025-08-24T09:12:14,B65D82,10,leave
2025-08-24T09:12:14,EDC0F8,10,leave
2025-08-24T09:12:14,20AE58,11,leave
2025-08-24T09:12:14,A4A98D,0,enter
2025-08-24T09:12:14,9AD19A,0,enter
2025-08-24T09:12:14,20AE58,0,enter
2025-08-24T09:12:14,E2C01E,9,enter
2025-08-24T09:12:14,2A586B,12,enter
2025-08-24T09:12:14,A1DF88,4,enter
2025-08-24T09:12:14,4628F5,6,enter
2025-08-24T09:12:14,E9816C,11,enter
2025-08-24T09:12:14,6A3A76,3,enter
2025-08-24T09:12:14,EDAA47,7,leave
2025-08-24T09:12:14,944FC8,2,leave
2025-08-24T09:12:14,202BBE,3,leave
2025-08-24T09:12:15,DE9064,5,enter
2025-08-24T09:12:15,B56804,1,enter
2025-08-24T09:12:15,6C0D5E,3,enter
2025-08-24T09:12:15,E23B18,10,enter
2025-08-24T09:12:15,F19029,14,enter
2025-08-24T09:12:15,202BBE,9,enter
2025-08-24T09:12:15,A4A98D,0,leave
2025-08-24T09:12:15,9AD19A,0,leave
2025-08-24T09:12:15,20AE58,0,leave
2025-08-24T09:12:15,E2C01E,9,leave
2025-08-24T09:12:15,2A586B,12,leave
2025-08-24T09:12:15,A1DF88,4,leave
2025-08-24T09:12:15,4628F5,6,leave
2025-08-24T09:12:15,E9816C,11,leave
2025-08-24T09:12:15,6A3A76,3,leave
2025-08-24T09:12:15,9AD19A,1,enter
2025-08-24T09:12:15,A4A98D,0,enter
2025-08-24T09:12:15,20AE58,6,enter
2025-08-24T09:12:15,EDC0F8,6,enter
2025-08-24T09:12:15,DE9064,5,leave
2025-08-24T09:12:15,B56804,1,leave
2025-08-24T09:12:15,6C0D5E,3,leave
2025-08-24T09:12:15,E23B18,10,leave
2025-08-24T09:12:15,F19029,14,leave
2025-08-24T09:12:15,202BBE,9,leave
2025-08-24T09:12:16,B56804,11,enter
2025-08-24T09:12:16,9AD19A,1,leave
2025-08-24T09:12:16,A4A98D,0,leave
2025-08-24T09:12:16,20AE58,6,leave
2025-08-24T09:12:16,EDC0F8,6,leave
2025-08-24T09:12:17,B65D82,4,enter
2025-08-24T09:12:17,E23B18,11,enter
2025-08-24T09:12:17,E9816C,8,enter
2025-08-24T09:12:17,090C20,7,enter
2025-08-24T09:12:17,B56804,11,leave
2025-08-24T09:12:17,DE9064,12,enter
2025-08-24T09:12:17,A4A98D,8,enter
2025-08-24T09:12:17,DE1A20,8,enter
2025-08-24T09:12:17,E9816C,8,stay
2025-08-24T09:12:17,701D6F,0,enter
2025-08-24T09:12:17,E2C01E,0,enter
2025-08-24T09:12:17,B56804,5,enter
2025-08-24T09:12:17,A1DF88,2,enter
2025-08-24T09:12:17,B65D82,4,leave
2025-08-24T09:12:17,E23B18,11,leave
2025-08-24T09:12:17,090C20,7,leave
2025-08-24T09:12:18,DE9064,12,leave
2025-08-24T09:12:18,A4A98D,8,leave
2025-08-24T09:12:18,DE1A20,8,leave
2025-08-24T09:12:18,E9816C,8,leave
2025-08-24T09:12:18,701D6F,0,leave
2025-08-24T09:12:18,E2C01E,0,leave
2025-08-24T09:12:18,B56804,5,leave
2025-08-24T09:12:18,A1DF88,2,leave
2025-08-24T09:12:18,B56804,7,enter
2025-08-24T09:12:18,97A4F9,7,enter
2025-08-24T09:12:18,556821,13,enter
2025-08-24T09:12:18,DE1A20,14,enter
2025-08-24T09:12:18,F19029,1,enter
2025-08-24T09:12:18,E23B18,1,enter
2025-08-24T09:12:19,E2C01E,7,enter
2025-08-24T09:12:19,E23B18,1,leave
2025-08-24T09:12:19,E23B18,0,enter
2025-08-24T09:12:19,20AE58,0,enter
2025-08-24T09:12:19,B56804,7,leave
2025-08-24T09:12:19,97A4F9,7,leave
2025-08-24T09:12:19,556821,13,leave
2025-08-24T09:12:19,DE1A20,14,leave
2025-08-24T09:12:19,F19029,1,leave
2025-08-24T09:12:20,605B9B,7,enter
2025-08-24T09:12:20,DE1A20,7,enter
2025-08-24T09:12:20,A1DF88,1,enter
2025-08-24T09:12:20,E2C01E,7,leave
2025-08-24T09:12:20,E2C01E,3,enter
2025-08-24T09:12:20,6C0D5E,4,enter
2025-08-24T09:12:20,701D6F,12,enter
2025-08-24T09:12:20,C9B1C2,8,enter
2025-08-24T09:12:20,090C20,13,enter
2025-08-24T09:12:20,E23B18,0,leave
2025-08-24T09:12:20,20AE58,0,leave
2025-08-24T09:12:20,DE9064,4,enter
2025-08-24T09:12:20,DE1A20,7,leave
2025-08-24T09:12:20,DE1A20,4,enter
2025-08-24T09:12:20,E23B18,12,enter
2025-08-24T09:12:20,A890FB,2,enter
2025-08-24T09:12:20,4628F5,8,enter
2025-08-24T09:12:20,E2C01E,3,leave
2025-08-24T09:12:20,E2C01E,14,enter
2025-08-24T09:12:20,605B9B,7,leave
2025-08-24T09:12:20,A1DF88,1,leave
2025-08-24T09:12:20,6C0D5E,4,leave
2025-08-24T09:12:20,701D6F,12,leave
2025-08-24T09:12:20,C9B1C2,8,leave
2025-08-24T09:12:20,090C20,13,leave
2025-08-24T09:12:21,202BBE,9,enter
2025-08-24T09:12:21,4628F5,8,leave
2025-08-24T09:12:21,4628F5,5,enter
2025-08-24T09:12:21,556821,0,enter
2025-08-24T09:12:21,DE9064,4,leave
2025-08-24T09:12:21,DE9064,11,enter
2025-08-24T09:12:21,A1DF88,3,enter
2025-08-24T09:12:21,701D6F,14,enter
2025-08-24T09:12:21,944FC8,7,enter
2025-08-24T09:12:21,6A3A76,10,enter
2025-08-24T09:12:21,DE1A20,4,leave
2025-08-24T09:12:21,E23B18,12,leave
2025-08-24T09:12:21,A890FB,2,leave
2025-08-24T09:12:21,E2C01E,14,leave
2025-08-24T09:12:21,202BBE,9,leave
2025-08-24T09:12:21,4628F5,5,leave
2025-08-24T09:12:21,556821,0,leave
2025-08-24T09:12:21,DE9064,11,leave
2025-08-24T09:12:21,A1DF88,3,leave
2025-08-24T09:12:21,701D6F,14,leave
2025-08-24T09:12:21,944FC8,7,leave
2025-08-24T09:12:21,6A3A76,10,leave
2025-08-24T09:12:22,6A3A76,14,enter
2025-08-24T09:12:22,C9B1C2,13,enter
2025-08-24T09:12:22,202BBE,13,enter
2025-08-24T09:12:22,6C0D5E,7,enter
2025-08-24T09:12:22,E2C01E,10,enter
2025-08-24T09:12:22,97A4F9,0,enter
2025-08-24T09:12:23,944FC8,8,enter
2025-08-24T09:12:23,2A586B,8,enter
2025-08-24T09:12:23,B56804,12,enter
2025-08-24T09:12:23,EDC0F8,6,enter
2025-08-24T09:12:23,6A3A76,14,leave
2025-08-24T09:12:23,6A3A76,10,enter
2025-08-24T09:12:23,EB0809,4,enter
2025-08-24T09:12:23,E23B18,4,enter
2025-08-24T09:12:23,97A4F9,0,leave
2025-08-24T09:12:23,97A4F9,7,enter
2025-08-24T09:12:23,DE9064,14,enter
2025-08-24T09:12:23,E9816C,13,enter
2025-08-24T09:12:23,C9B1C2,13,leave
2025-08-24T09:12:23,202BBE,13,leave
2025-08-24T09:12:23,6C0D5E,7,leave
2025-08-24T09:12:23,E2C01E,10,leave
2025-08-24T09:12:23,605B9B,4,enter
2025-08-24T09:12:23,E2C01E,0,enter
2025-08-24T09:12:23,A4A98D,5,enter
2025-08-24T09:12:23,E9816C,13,leave
2025-08-24T09:12:23,E9816C,5,enter
2025-08-24T09:12:23,B65D82,14,enter
2025-08-24T09:12:23,4628F5,10,enter
2025-08-24T09:12:23,C2B3C2,2,enter
2025-08-24T09:12:23,F19029,13,enter
2025-08-24T09:12:23,944FC8,8,leave
2025-08-24T09:12:23,2A586B,8,leave
2025-08-24T09:12:23,B56804,12,leave
2025-08-24T09:12:23,EDC0F8,6,leave
2025-08-24T09:12:23,6A3A76,10,leave
2025-08-24T09:12:23,EB0809,4,leave
2025-08-24T09:12:23,E23B18,4,leave
2025-08-24T09:12:23,97A4F9,7,leave
2025-08-24T09:12:23,DE9064,14,leave
2025-08-24T09:12:24,9AD19A,6,enter
2025-08-24T09:12:24,EDC0F8,0,enter
2025-08-24T09:12:24,A890FB,5,enter
2025-08-24T09:12:24,DE9064,1,enter
2025-08-24T09:12:24,605B9B,4,leave
2025-08-24T09:12:24,E2C01E,0,leave
2025-08-24T09:12:24,A4A98D,5,leave
2025-08-24T09:12:24,E9816C,5,leave
2025-08-24T09:12:24,B65D82,14,leave
2025-08-24T09:12:24,4628F5,10,leave
2025-08-24T09:12:24,C2B3C2,2,leave
2025-08-24T09:12:24,F19029,13,leave
2025-08-24T09:12:24,DE9064,1,leave
2025-08-24T09:12:24,DE9064,12,enter
2025-08-24T09:12:24,EDC0F8,0,leave
2025-08-24T09:12:24,EDC0F8,12,enter
2025-08-24T09:12:24,605B9B,3,enter
2025-08-24T09:12:24,C9B1C2,14,enter
2025-08-24T09:12:24,9AD19A,6,leave
2025-08-24T09:12:24,A890FB,5,leave
2025-08-24T09:12:25,DE9064,12,leave
2025-08-24T09:12:25,EDC0F8,12,leave
2025-08-24T09:12:25,605B9B,3,leave
2025-08-24T09:12:25,C9B1C2,14,leave
2025-08-24T10:17:21,A7D573,12,enter
2025-08-24T10:17:21,81EA35,12,enter
2025-08-24T10:17:21,2C844F,11,enter
2025-08-24T10:17:21,EA3398,11,enter
2025-08-24T10:17:21,6212EF,2,enter
2025-08-24T10:17:21,F030C6,10,enter
2025-08-24T10:17:21,49E5C8,13,enter
2025-08-24T10:17:22,95F341,10,enter
2025-08-24T10:17:22,5525E0,14,enter
2025-08-24T10:17:22,F030C6,10,leave
2025-08-24T10:17:22,F030C6,11,enter
2025-08-24T10:17:22,3FC239,8,enter
2025-08-24T10:17:22,6743E2,6,enter
2025-08-24T10:17:22,A7D573,12,leave
2025-08-24T10:17:22,81EA35,12,leave
2025-08-24T10:17:22,2C844F,11,leave
2025-08-24T10:17:22,EA3398,11,leave
2025-08-24T10:17:22,6212EF,2,leave
2025-08-24T10:17:22,49E5C8,13,leave
2025-08-24T10:17:22,F189A6,13,enter
2025-08-24T10:17:22,195AD6,13,enter
2025-08-24T10:17:22,094DA0,13,enter
2025-08-24T10:17:22,406D34,10,enter
2025-08-24T10:17:22,95F341,10,leave
2025-08-24T10:17:22,95F341,7,enter
2025-08-24T10:17:22,721A7B,4,enter
2025-08-24T10:17:22,FE95D9,12,enter
2025-08-24T10:17:22,871D7D,11,enter
2025-08-24T10:17:22,5525E0,14,leave
2025-08-24T10:17:22,F030C6,11,leave
2025-08-24T10:17:22,3FC239,8,leave
2025-08-24T10:17:22,6743E2,6,leave
2025-08-24T10:17:23,81EA35,13,enter
2025-08-24T10:17:23,F030C6,11,enter
2025-08-24T10:17:23,721A7B,4,leave
2025-08-24T10:17:23,721A7B,11,enter
2025-08-24T10:17:23,2C844F,11,enter
2025-08-24T10:17:23,246FE9,12,enter
2025-08-24T10:17:23,450F99,14,enter
2025-08-24T10:17:23,F189A6,13,leave
2025-08-24T10:17:23,195AD6,13,leave
2025-08-24T10:17:23,094DA0,13,leave
2025-08-24T10:17:23,406D34,10,leave
2025-08-24T10:17:23,95F341,7,leave
2025-08-24T10:17:23,FE95D9,12,leave
2025-08-24T10:17:23,871D7D,11,leave
2025-08-24T10:17:23,871D7D,3,enter
2025-08-24T10:17:23,450F99,14,leave
2025-08-24T10:17:23,450F99,10,enter
2025-08-24T10:17:23,5525E0,10,enter
2025-08-24T10:17:23,6212EF,13,enter
2025-08-24T10:17:23,49E5C8,1,enter
2025-08-24T10:17:23,094DA0,5,enter
2025-08-24T10:17:23,3FC239,2,enter
2025-08-24T10:17:23,FE95D9,11,enter
2025-08-24T10:17:23,81EA35,13,leave
2025-08-24T10:17:23,F030C6,11,leave
2025-08-24T10:17:23,721A7B,11,leave
2025-08-24T10:17:23,2C844F,11,leave
2025-08-24T10:17:23,246FE9,12,leave
2025-08-24T10:17:24,49E5C8,1,leave
2025-08-24T10:17:24,49E5C8,8,enter
2025-08-24T10:17:24,EDDAD3,8,enter
2025-08-24T10:17:24,871D7D,3,leave
2025-08-24T10:17:24,450F99,10,leave
2025-08-24T10:17:24,5525E0,10,leave
2025-08-24T10:17:24,6212EF,13,leave
2025-08-24T10:17:24,094DA0,5,leave
2025-08-24T10:17:24,3FC239,2,leave
2025-08-24T10:17:24,FE95D9,11,leave
2025-08-24T10:17:25,2C844F,11,enter
2025-08-24T10:17:25,3FC239,11,enter
2025-08-24T10:17:25,FE95D9,11,enter
2025-08-24T10:17:25,F880EC,4,enter
2025-08-24T10:17:25,6212EF,6,enter
2025-08-24T10:17:25,EDDAD3,8,leave
2025-08-24T10:17:25,EDDAD3,6,enter
2025-08-24T10:17:25,F030C6,5,enter
2025-08-24T10:17:25,A7D573,2,enter
2025-08-24T10:17:25,81EA35,3,enter
2025-08-24T10:17:25,871D7D,9,enter
2025-08-24T10:17:25,49E5C8,8,leave
2025-08-24T10:17:25,7E1420,1,enter
2025-08-24T10:17:25,2C844F,11,leave
2025-08-24T10:17:25,2C844F,10,enter
2025-08-24T10:17:25,81EA35,3,leave
2025-08-24T10:17:25,81EA35,7,enter
2025-08-24T10:17:25,3FC239,11,leave
2025-08-24T10:17:25,3FC239,7,enter
2025-08-24T10:17:25,56BD5F,7,enter
2025-08-24T10:17:25,195AD6,14,enter
2025-08-24T10:17:25,95F341,11,enter
2025-08-24T10:17:25,EDDAD3,6,leave
2025-08-24T10:17:25,EDDAD3,11,enter
2025-08-24T10:17:25,721A7B,13,enter
2025-08-24T10:17:25,FE95D9,11,leave
2025-08-24T10:17:25,F880EC,4,leave
2025-08-24T10:17:25,6212EF,6,leave
2025-08-24T10:17:25,F030C6,5,leave
2025-08-24T10:17:25,A7D573,2,leave
2025-08-24T10:17:25,871D7D,9,leave
2025-08-24T10:17:26,2C844F,10,leave
2025-08-24T10:17:26,2C844F,1,enter
2025-08-24T10:17:26,871D7D,14,enter
2025-08-24T10:17:26,7E1420,1,leave
2025-08-24T10:17:26,81EA35,7,leave
2025-08-24T10:17:26,3FC239,7,leave
2025-08-24T10:17:26,56BD5F,7,leave
2025-08-24T10:17:26,195AD6,14,leave
2025-08-24T10:17:26,95F341,11,leave
2025-08-24T10:17:26,EDDAD3,11,leave
2025-08-24T10:17:26,721A7B,13,leave
2025-08-24T10:17:26,C78A94,1,enter
2025-08-24T10:17:26,721A7B,1,enter
2025-08-24T10:17:26,227B6C,6,enter
2025-08-24T10:17:26,2C844F,1,leave
2025-08-24T10:17:26,2C844F,13,enter
2025-08-24T10:17:26,5DC115,13,enter
2025-08-24T10:17:26,FE95D9,12,enter
2025-08-24T10:17:26,406D34,3,enter
2025-08-24T10:17:26,871D7D,14,leave
2025-08-24T10:17:26,871D7D,9,enter
2025-08-24T10:17:27,2C844F,13,leave
2025-08-24T10:17:27,2C844F,0,enter
2025-08-24T10:17:27,094DA0,9,enter
2025-08-24T10:17:27,871D7D,9,leave
2025-08-24T10:17:27,871D7D,1,enter
2025-08-24T10:17:27,721A7B,1,stay
2025-08-24T10:17:27,6743E2,6,enter
2025-08-24T10:17:27,56BD5F,7,enter
2025-08-24T10:17:27,450F99,4,enter
2025-08-24T10:17:27,5525E0,4,enter
2025-08-24T10:17:27,95F341,2,enter
2025-08-24T10:17:27,5DC115,13,leave
2025-08-24T10:17:27,5DC115,14,enter
2025-08-24T10:17:27,C78A94,1,leave
2025-08-24T10:17:27,227B6C,6,leave
2025-08-24T10:17:27,FE95D9,12,leave
2025-08-24T10:17:27,406D34,3,leave
2025-08-24T12:48:25,BE8254,7,enter
2025-08-24T12:48:25,C9BFC2,13,enter
2025-08-24T12:48:26,94EB7E,10,enter
2025-08-24T12:48:26,766FEC,4,enter
2025-08-24T12:48:26,9895D1,6,enter
2025-08-24T12:48:26,CD63A7,2,enter
2025-08-24T12:48:26,CF172E,2,enter
2025-08-24T12:48:26,B169CC,8,enter
2025-08-24T12:48:26,1589AE,8,enter
2025-08-24T12:48:26,B86307,9,enter
2025-08-24T12:48:26,BE8254,7,leave
2025-08-24T12:48:26,C9BFC2,13,leave
2025-08-24T12:48:26,D01443,10,enter
2025-08-24T12:48:26,5B6668,8,enter
2025-08-24T12:48:26,94EB7E,10,leave
2025-08-24T12:48:26,766FEC,4,leave
2025-08-24T12:48:26,9895D1,6,leave
2025-08-24T12:48:26,CD63A7,2,leave
2025-08-24T12:48:26,CF172E,2,leave
2025-08-24T12:48:26,B169CC,8,leave
2025-08-24T12:48:26,1589AE,8,leave
2025-08-24T12:48:26,B86307,9,leave
2025-08-24T12:48:27,B68CC8,11,enter
2025-08-24T12:48:27,766FEC,1,enter
2025-08-24T12:48:27,447912,1,enter
2025-08-24T12:48:27,5B6184,2,enter
2025-08-24T12:48:27,D01443,10,leave
2025-08-24T12:48:27,5B6668,8,leave
2025-08-24T12:48:27,BE8254,3,enter
2025-08-24T12:48:27,3E1718,4,enter
2025-08-24T12:48:27,D7EEDE,10,enter
2025-08-24T12:48:27,B86969,10,enter
2025-08-24T12:48:27,B68CC8,11,leave
2025-08-24T12:48:27,B68CC8,1,enter
2025-08-24T12:48:27,766FEC,1,leave
2025-08-24T12:48:27,447912,1,leave
2025-08-24T12:48:27,5B6184,2,leave
2025-08-24T12:48:28,B68CC8,1,leave
2025-08-24T12:48:28,B68CC8,12,enter
2025-08-24T12:48:28,BE8254,3,leave
2025-08-24T12:48:28,3E1718,4,leave
2025-08-24T12:48:28,D7EEDE,10,leave
2025-08-24T12:48:28,B86969,10,leave
2025-08-24T12:48:29,C9BFC2,0,enter
2025-08-24T12:48:29,B68CC8,12,leave
2025-08-24T12:48:29,B68CC8,14,enter
2025-08-24T12:48:29,DD89EF,9,enter
2025-08-24T12:48:29,D01443,9,enter
2025-08-24T12:48:29,ED4C3F,14,enter
2025-08-24T12:48:29,C9BFC2,0,leave
2025-08-24T12:48:29,C9BFC2,8,enter
2025-08-24T12:48:29,951A44,8,enter
2025-08-24T12:48:29,B68CC8,14,leave
2025-08-24T12:48:30,C9BFC2,8,leave
2025-08-24T12:48:30,C9BFC2,14,enter
2025-08-24T12:48:30,DD89EF,9,leave
2025-08-24T12:48:30,DD89EF,13,enter
2025-08-24T12:48:30,CF172E,13,enter
2025-08-24T12:48:30,7B0CBD,1,enter
2025-08-24T12:48:30,1589AE,8,enter
2025-08-24T12:48:30,951A44,8,leave
2025-08-24T12:48:30,951A44,10,enter
2025-08-24T12:48:30,5B6184,5,enter
2025-08-24T12:48:30,D01443,9,leave
2025-08-24T12:48:30,ED4C3F,14,leave
2025-08-24T12:48:30,CF172E,13,leave
2025-08-24T12:48:30,CF172E,8,enter
2025-08-24T12:48:30,76C5C6,12,enter
2025-08-24T12:48:30,1589AE,8,leave
2025-08-24T12:48:30,1589AE,10,enter
2025-08-24T12:48:30,94EB7E,10,enter
2025-08-24T12:48:30,D01443,5,enter
2025-08-24T12:48:30,C9BFC2,14,leave
2025-08-24T12:48:30,DD89EF,13,leave
2025-08-24T12:48:30,7B0CBD,1,leave
2025-08-24T12:48:30,951A44,10,leave
2025-08-24T12:48:30,5B6184,5,leave
2025-08-24T12:48:31,766FEC,4,enter
2025-08-24T12:48:31,951A44,11,enter
2025-08-24T12:48:31,F18DDB,3,enter
2025-08-24T12:48:31,CF172E,8,leave
2025-08-24T12:48:31,CF172E,9,enter
2025-08-24T12:48:31,3E1718,0,enter
2025-08-24T12:48:31,9895D1,0,enter
2025-08-24T12:48:31,76C5C6,12,leave
2025-08-24T12:48:31,1589AE,10,leave
2025-08-24T12:48:31,94EB7E,10,leave
2025-08-24T12:48:31,D01443,5,leave
2025-08-24T12:48:32,CD63A7,3,enter
2025-08-24T12:48:32,C9BFC2,3,enter
2025-08-24T12:48:32,B86969,3,enter
2025-08-24T12:48:32,DD89EF,12,enter
2025-08-24T12:48:32,B86307,4,enter
2025-08-24T12:48:32,D01443,4,enter
2025-08-24T12:48:32,5B6184,1,enter
2025-08-24T12:48:32,FC844E,0,enter
2025-08-24T12:48:32,BE8254,5,enter
2025-08-24T12:48:32,D7EEDE,2,enter
2025-08-24T12:48:32,766FEC,4,leave
2025-08-24T12:48:32,951A44,11,leave
2025-08-24T12:48:32,F18DDB,3,leave
2025-08-24T12:48:32,CF172E,9,leave
2025-08-24T12:48:32,3E1718,0,leave
2025-08-24T12:48:32,9895D1,0,leave
2025-08-24T12:48:32,D7EEDE,2,leave
2025-08-24T12:48:32,D7EEDE,11,enter
2025-08-24T12:48:32,951A44,9,enter
2025-08-24T12:48:32,BE8254,5,leave
2025-08-24T12:48:32,BE8254,1,enter
2025-08-24T12:48:32,CD63A7,3,leave
2025-08-24T12:48:32,C9BFC2,3,leave
2025-08-24T12:48:32,B86969,3,leave
2025-08-24T12:48:32,DD89EF,12,leave
2025-08-24T12:48:32,B86307,4,leave
2025-08-24T12:48:32,D01443,4,leave
2025-08-24T12:48:32,5B6184,1,leave
2025-08-24T12:48:32,FC844E,0,leave
2025-08-24T12:48:33,5B6184,14,enter
2025-08-24T12:48:33,3E1718,14,enter
2025-08-24T12:48:33,447912,6,enter
2025-08-24T12:48:33,D7EEDE,11,leave
2025-08-24T12:48:33,D7EEDE,1,enter
2025-08-24T12:48:33,951A44,9,leave
2025-08-24T12:48:33,951A44,4,enter
2025-08-24T12:48:33,BE8254,1,leave
2025-08-24T12:48:33,FC844E,12,enter
2025-08-24T12:48:33,4DACD2,9,enter
2025-08-24T12:48:33,9895D1,13,enter
2025-08-24T12:48:33,F18DDB,4,enter
2025-08-24T12:48:33,B169CC,11,enter
2025-08-24T12:48:33,4E1B38,3,enter
2025-08-24T12:48:33,951A44,4,leave
2025-08-24T12:48:33,951A44,0,enter
2025-08-24T12:48:33,5B6184,14,leave
2025-08-24T12:48:33,3E1718,14,leave
2025-08-24T12:48:33,447912,6,leave
2025-08-24T12:48:33,D7EEDE,1,leave
2025-08-24T12:48:34,DD89EF,14,enter
2025-08-24T12:48:34,D7EEDE,14,enter
2025-08-24T12:48:34,ED4C3F,12,enter
2025-08-24T12:48:34,9895D1,13,leave
2025-08-24T12:48:34,9895D1,5,enter
2025-08-24T12:48:34,FC844E,12,leave
2025-08-24T12:48:34,4DACD2,9,leave
2025-08-24T12:48:34,F18DDB,4,leave
2025-08-24T12:48:34,B169CC,11,leave
2025-08-24T12:48:34,4E1B38,3,leave
2025-08-24T12:48:34,951A44,0,leave
2025-08-24T12:48:35,B86969,4,enter
2025-08-24T12:48:35,447912,2,enter
2025-08-24T12:48:35,4E1B38,2,enter
2025-08-24T12:48:35,C9BFC2,11,enter
2025-08-24T12:48:35,ED4C3F,12,leave
2025-08-24T12:48:35,ED4C3F,1,enter
2025-08-24T12:48:35,1589AE,12,enter
2025-08-24T12:48:35,76C5C6,3,enter
2025-08-24T12:48:35,9895D1,5,leave
2025-08-24T12:48:35,9895D1,14,enter
2025-08-24T12:48:35,DD89EF,14,leave
2025-08-24T12:48:35,D7EEDE,14,leave
2025-08-24T12:48:35,951A44,9,enter
2025-08-24T12:48:35,4B2436,0,enter
2025-08-24T12:48:35,B68CC8,10,enter
2025-08-24T12:48:35,FC844E,14,enter
2025-08-24T12:48:35,5B6184,8,enter
2025-08-24T12:48:35,B86969,4,leave
2025-08-24T12:48:35,B86969,11,enter
2025-08-24T12:48:35,447912,2,leave
2025-08-24T12:48:35,4E1B38,2,leave
2025-08-24T12:48:35,C9BFC2,11,leave
2025-08-24T12:48:35,ED4C3F,1,leave
2025-08-24T12:48:35,1589AE,12,leave
2025-08-24T12:48:35,76C5C6,3,leave
2025-08-24T12:48:35,9895D1,14,leave
2025-08-24T12:48:36,5B6184,8,leave
2025-08-24T12:48:36,5B6184,7,enter
2025-08-24T12:48:36,7B0CBD,8,enter
2025-08-24T12:48:36,CD63A7,8,enter
2025-08-24T12:48:36,951A44,9,leave
2025-08-24T12:48:36,951A44,4,enter
2025-08-24T12:48:36,447912,4,enter
2025-08-24T12:48:36,D7EEDE,9,enter
2025-08-24T12:48:36,FC844E,14,leave
2025-08-24T12:48:36,FC844E,5,enter
2025-08-24T12:48:36,4B2436,0,leave
2025-08-24T12:48:36,B68CC8,10,leave
2025-08-24T12:48:36,B86969,11,leave
2025-08-24T12:48:37,447912,4,leave
2025-08-24T12:48:37,447912,12,enter
2025-08-24T12:48:37,F18DDB,14,enter
2025-08-24T12:48:37,5B6184,7,leave
2025-08-24T12:48:37,7B0CBD,8,leave
2025-08-24T12:48:37,CD63A7,8,leave
2025-08-24T12:48:37,951A44,4,leave
2025-08-24T12:48:37,D7EEDE,9,leave
2025-08-24T12:48:37,FC844E,5,leave
2025-08-24T12:48:37,B86307,8,enter
2025-08-24T12:48:37,447912,12,leave
2025-08-24T12:48:37,F18DDB,14,leave
2025-08-24T12:48:38,ED4C3F,14,enter
2025-08-24T12:48:38,F18DDB,7,enter
2025-08-24T12:48:38,4E1B38,7,enter
2025-08-24T12:48:38,D01443,10,enter
2025-08-24T12:48:38,B86307,8,leave
2025-08-24T12:48:38,94EB7E,14,enter
2025-08-24T12:48:38,ED4C3F,14,leave
2025-08-24T12:48:38,ED4C3F,11,enter
2025-08-24T12:48:38,447912,6,enter
2025-08-24T12:48:38,3E1718,6,enter
2025-08-24T12:48:38,D7EEDE,10,enter
2025-08-24T12:48:38,7B0CBD,10,enter
2025-08-24T12:48:38,4B2436,9,enter
2025-08-24T12:48:38,F18DDB,7,leave
2025-08-24T12:48:38,4E1B38,7,leave
2025-08-24T12:48:38,D01443,10,leave
2025-08-24T12:48:39,FC844E,1,enter
2025-08-24T12:48:39,D8BDD4,14,enter
2025-08-24T12:48:39,D01443,14,enter
2025-08-24T12:48:39,76C5C6,2,enter
2025-08-24T12:48:39,D7EEDE,10,leave
2025-08-24T12:48:39,D7EEDE,5,enter
2025-08-24T12:48:39,4E1B38,13,enter
2025-08-24T12:48:39,AB8E60,3,enter
2025-08-24T12:48:39,94EB7E,14,leave
2025-08-24T12:48:39,ED4C3F,11,leave
2025-08-24T12:48:39,447912,6,leave
2025-08-24T12:48:39,3E1718,6,leave
2025-08-24T12:48:39,7B0CBD,10,leave
2025-08-24T12:48:39,4B2436,9,leave
2025-08-24T12:48:40,D01443,14,leave
2025-08-24T12:48:40,D01443,4,enter
2025-08-24T12:48:40,DD89EF,12,enter
2025-08-24T12:48:40,CF172E,0,enter
2025-08-24T12:48:40,FC844E,1,leave
2025-08-24T12:48:40,D8BDD4,14,leave
2025-08-24T12:48:40,76C5C6,2,leave
2025-08-24T12:48:40,D7EEDE,5,leave
2025-08-24T12:48:40,4E1B38,13,leave
2025-08-24T12:48:40,AB8E60,3,leave
2025-08-24T12:48:40,AB8E60,5,enter
2025-08-24T12:48:40,D01443,4,leave
2025-08-24T12:48:40,D01443,5,enter
2025-08-24T12:48:40,76C5C6,12,enter
2025-08-24T12:48:40,766FEC,3,enter
2025-08-24T12:48:40,9895D1,3,enter
2025-08-24T12:48:40,447912,9,enter
2025-08-24T12:48:40,4DACD2,13,enter
2025-08-24T12:48:40,CF172E,0,leave
2025-08-24T12:48:40,CF172E,4,enter
2025-08-24T12:48:40,CD63A7,6,enter
2025-08-24T12:48:40,DD89EF,12,leave
2025-08-24T12:48:41,D01443,5,leave
2025-08-24T12:48:41,D01443,3,enter
2025-08-24T12:48:41,AB8E60,5,leave
2025-08-24T12:48:41,76C5C6,12,leave
2025-08-24T12:48:41,766FEC,3,leave
2025-08-24T12:48:41,9895D1,3,leave
2025-08-24T12:48:41,447912,9,leave
2025-08-24T12:48:41,4DACD2,13,leave
2025-08-24T12:48:41,CF172E,4,leave
2025-08-24T12:48:41,CD63A7,6,leave
2025-08-24T12:54:11,601918,13,enter
2025-08-24T12:54:11,A0FFDB,13,enter
2025-08-24T12:54:11,D5C0A1,4,enter
2025-08-24T12:54:11,2FF829,9,enter
2025-08-24T12:54:11,F083B5,12,enter
2025-08-24T12:54:11,72986F,7,enter
2025-08-24T12:54:39,E67CDF,14,enter
2025-08-24T12:54:39,4A78BA,10,enter
2025-08-24T12:54:39,32D0A0,8,enter
2025-08-24T12:56:21,8B65F4,9,enter
2025-08-24T12:56:21,4F547F,10,enter
2025-08-24T12:56:21,C62EA6,10,enter
2025-08-24T12:56:21,47E97D,13,enter
2025-08-24T12:56:21,659B5D,13,enter
2025-08-24T12:56:21,E3B009,13,enter
2025-08-24T12:56:21,B624B1,3,enter
2025-08-24T12:56:21,DC2A0B,8,enter
2025-08-24T12:56:22,C62EA6,10,leave
2025-08-24T12:56:22,C62EA6,2,enter
2025-08-24T12:56:22,DC2A0B,8,stay
2025-08-24T12:56:22,8B65F4,9,leave
2025-08-24T12:56:22,4F547F,10,leave
2025-08-24T12:56:22,47E97D,13,leave
2025-08-24T12:56:22,659B5D,13,leave
2025-08-24T12:56:22,E3B009,13,leave
2025-08-24T12:56:22,B624B1,3,leave
2025-08-24T12:56:23,9673A1,13,enter
2025-08-24T12:56:23,420FD6,10,enter
2025-08-24T12:56:23,C4BD0A,12,enter
2025-08-24T12:56:23,1F1FA3,11,enter
2025-08-24T12:56:23,8902EC,6,enter
2025-08-24T12:56:23,C62EA6,2,leave
2025-08-24T12:56:23,C62EA6,3,enter
2025-08-24T12:56:23,DC2A0B,8,leave
2025-08-24T12:56:24,C4BD0A,12,leave
2025-08-24T12:56:24,C4BD0A,10,enter
2025-08-24T12:56:24,1F1FA3,11,leave
2025-08-24T12:56:24,1F1FA3,10,enter
2025-08-24T12:56:24,E3B009,1,enter
2025-08-24T12:56:24,9673A1,13,leave
2025-08-24T12:56:24,420FD6,10,leave
2025-08-24T12:56:24,8902EC,6,leave
2025-08-24T12:56:24,C62EA6,3,leave
2025-08-24T12:56:26,248D0A,10,enter
2025-08-24T12:56:26,47E97D,7,enter
2025-08-24T12:56:26,420FD6,1,enter
2025-08-24T12:56:26,6293C5,6,enter
2025-08-24T12:56:26,9673A1,0,enter
2025-08-24T12:56:26,17AAC5,9,enter
2025-08-24T12:56:26,4F8EC4,5,enter
2025-08-24T12:56:26,B3D36D,3,enter
2025-08-24T12:56:26,AACD12,2,enter
2025-08-24T12:56:26,C4BD0A,10,leave
2025-08-24T12:56:26,1F1FA3,10,leave
2025-08-24T12:56:26,E3B009,1,leave
2025-08-24T12:56:27,4F8EC4,5,stay
2025-08-24T12:56:27,8B65F4,5,enter
2025-08-24T12:56:27,A01EAA,5,enter
2025-08-24T12:56:27,47E97D,7,leave
2025-08-24T12:56:27,47E97D,1,enter
2025-08-24T12:56:27,4F547F,1,enter
2025-08-24T12:56:27,420FD6,1,leave
2025-08-24T12:56:27,420FD6,3,enter
2025-08-24T12:56:27,D52036,2,enter
2025-08-24T12:56:27,E38841,9,enter
2025-08-24T12:56:27,659B5D,4,enter
2025-08-24T12:56:27,AEB9B5,8,enter
2025-08-24T12:56:27,248D0A,10,leave
2025-08-24T12:56:27,6293C5,6,leave
2025-08-24T12:56:27,9673A1,0,leave
2025-08-24T12:56:27,17AAC5,9,leave
2025-08-24T12:56:27,B3D36D,3,leave
2025-08-24T12:56:27,AACD12,2,leave
2025-08-24T12:57:31,A84363,13,enter
2025-08-24T12:57:31,706E90,13,enter
2025-08-24T12:57:31,4DD4E7,0,enter
2025-08-24T12:57:31,D42F9A,0,enter
2025-08-24T12:57:31,ACD54A,0,enter
2025-08-24T12:57:31,C8DF1A,3,enter
2025-08-24T12:57:34,4DD4E7,0,leave
2025-08-24T12:57:34,4DD4E7,7,enter
2025-08-24T12:57:34,A84363,13,leave
2025-08-24T12:57:34,A84363,8,enter
2025-08-24T12:57:34,EB856B,14,enter
2025-08-24T12:57:34,72645C,14,enter
2025-08-24T12:57:34,714825,1,enter
2025-08-24T12:57:34,7EF6CE,6,enter
2025-08-24T12:57:34,5EB785,0,enter
2025-08-24T12:57:34,706E90,13,leave
2025-08-24T12:57:34,706E90,10,enter
2025-08-24T12:57:34,D42F9A,0,leave
2025-08-24T12:57:34,ACD54A,0,leave
2025-08-24T12:57:34,C8DF1A,3,leave
2025-08-24T12:57:36,714825,1,leave
2025-08-24T12:57:36,714825,5,enter
2025-08-24T12:57:36,EE65EF,7,enter
2025-08-24T12:57:36,A607AC,7,enter
2025-08-24T12:57:36,FDF63B,7,enter
2025-08-24T12:57:36,706E90,10,leave
2025-08-24T12:57:36,706E90,14,enter
2025-08-24T12:57:36,4DD4E7,7,leave
2025-08-24T12:57:36,4DD4E7,4,enter
2025-08-24T12:57:36,EB856B,14,leave
2025-08-24T12:57:36,EB856B,0,enter
2025-08-24T12:57:36,A84363,8,leave
2025-08-24T12:57:36,72645C,14,leave
2025-08-24T12:57:36,7EF6CE,6,leave
2025-08-24T12:57:36,5EB785,0,leave
2025-08-24T12:57:38,9BD8F0,8,enter
2025-08-24T12:57:38,69916D,13,enter
2025-08-24T12:57:38,A2E038,13,enter
2025-08-24T12:57:38,35140E,0,enter
2025-08-24T12:57:38,C8DF1A,1,enter
2025-08-24T12:57:38,EB856B,0,leave
2025-08-24T12:57:38,EB856B,10,enter
2025-08-24T12:57:38,EE65EF,7,leave
2025-08-24T12:57:38,EE65EF,10,enter
2025-08-24T12:57:38,F7442A,12,enter
2025-08-24T12:57:38,714825,5,leave
2025-08-24T12:57:38,A607AC,7,leave
2025-08-24T12:57:38,FDF63B,7,leave
2025-08-24T12:57:38,706E90,14,leave
2025-08-24T12:57:38,4DD4E7,4,leave
2025-08-24T12:57:41,4DD4E7,0,enter
2025-08-24T12:57:41,A84363,0,enter
2025-08-24T12:57:41,50A8C7,4,enter
2025-08-24T12:57:41,D03D06,4,enter
2025-08-24T12:57:41,0F9BBE,5,enter
2025-08-24T12:57:41,9BD8F0,8,leave
2025-08-24T12:57:41,69916D,13,leave
2025-08-24T12:57:41,A2E038,13,leave
2025-08-24T12:57:41,35140E,0,leave
2025-08-24T12:57:41,C8DF1A,1,leave
2025-08-24T12:57:41,EB856B,10,leave
2025-08-24T12:57:41,EE65EF,10,leave
2025-08-24T12:57:41,F7442A,12,leave
2025-08-24T12:57:59,EB856B,13,enter
2025-08-24T12:57:59,ACD54A,7,enter
2025-08-24T12:57:59,EE65EF,7,enter
2025-08-24T12:57:59,4DD4E7,0,leave
2025-08-24T12:57:59,A84363,0,leave
2025-08-24T12:57:59,50A8C7,4,leave
2025-08-24T12:57:59,D03D06,4,leave
2025-08-24T12:57:59,0F9BBE,5,leave
2025-08-24T12:58:02,205FA8,12,enter
2025-08-24T12:58:02,A6B808,11,enter
2025-08-24T12:58:02,EB856B,13,leave
2025-08-24T12:58:02,ACD54A,7,leave
2025-08-24T12:58:02,EE65EF,7,leave
2025-08-24T12:58:04,D03D06,0,enter
2025-08-24T12:58:04,205FA8,12,leave
2025-08-24T12:58:04,205FA8,4,enter
2025-08-24T12:58:04,9BD8F0,4,enter
2025-08-24T12:58:04,72645C,5,enter
2025-08-24T12:58:04,0DF65F,6,enter
2025-08-24T12:58:04,1501B0,9,enter
2025-08-24T12:58:04,714825,10,enter
2025-08-24T12:58:04,A6B808,11,leave
2025-08-24T12:58:07,69916D,8,enter
2025-08-24T12:58:07,12AB9A,6,enter
2025-08-24T12:58:07,D03D06,0,leave
2025-08-24T12:58:07,205FA8,4,leave
2025-08-24T12:58:07,9BD8F0,4,leave
2025-08-24T12:58:07,72645C,5,leave
2025-08-24T12:58:07,0DF65F,6,leave
2025-08-24T12:58:07,1501B0,9,leave
2025-08-24T12:58:07,714825,10,leave
2025-08-24T12:58:09,A6B808,10,enter
2025-08-24T12:58:09,5EB785,10,enter
2025-08-24T12:58:09,ACD54A,4,enter
2025-08-24T12:58:09,72645C,0,enter
2025-08-24T12:58:09,FDF63B,0,enter
2025-08-24T12:58:09,A2E038,3,enter
2025-08-24T12:58:09,D03D06,9,enter
2025-08-24T12:58:09,205FA8,8,enter
2025-08-24T12:58:09,97169D,11,enter
2025-08-24T12:58:09,69916D,8,leave
2025-08-24T12:58:09,12AB9A,6,leave
2025-08-24T12:58:12,72645C,0,leave
2025-08-24T12:58:12,72645C,11,enter
2025-08-24T12:58:12,A6B808,10,leave
2025-08-24T12:58:12,5EB785,10,leave
2025-08-24T12:58:12,ACD54A,4,leave
2025-08-24T12:58:12,FDF63B,0,leave
2025-08-24T12:58:12,A2E038,3,leave
2025-08-24T12:58:12,D03D06,9,leave
2025-08-24T12:58:12,205FA8,8,leave
2025-08-24T12:58:12,97169D,11,leave
2025-08-24T12:58:14,97169D,5,enter
2025-08-24T12:58:14,72645C,11,leave
2025-08-24T12:58:16,EE65EF,13,enter
2025-08-24T12:58:16,A2E038,1,enter
2025-08-24T12:58:16,A607AC,3,enter
2025-08-24T12:58:16,97169D,5,leave
2025-08-24T12:58:19,50A8C7,3,enter
2025-08-24T12:58:19,A6B808,3,enter
2025-08-24T12:58:19,A84363,7,enter
2025-08-24T12:58:19,205FA8,5,enter
2025-08-24T12:58:19,A2E038,1,leave
2025-08-24T12:58:19,A2E038,5,enter
2025-08-24T12:58:19,35140E,12,enter
2025-08-24T12:58:19,C8DF1A,4,enter
2025-08-24T12:58:19,D42F9A,1,enter
2025-08-24T12:58:19,FDF63B,0,enter
2025-08-24T12:58:19,EE65EF,13,leave
2025-08-24T12:58:19,A607AC,3,leave
2025-08-24T12:58:21,50A8C7,3,leave
2025-08-24T12:58:21,A6B808,3,leave
2025-08-24T12:58:21,A84363,7,leave
2025-08-24T12:58:21,205FA8,5,leave
2025-08-24T12:58:21,A2E038,5,leave
2025-08-24T12:58:21,35140E,12,leave
2025-08-24T12:58:21,C8DF1A,4,leave
2025-08-24T12:58:21,D42F9A,1,leave
2025-08-24T12:58:21,FDF63B,0,leave
2025-08-24T12:58:24,148B14,1,enter
2025-08-24T12:58:26,9BD8F0,4,enter
2025-08-24T12:58:26,C8DF1A,4,enter
2025-08-24T12:58:26,4DD4E7,12,enter
2025-08-24T12:58:26,69916D,9,enter
2025-08-24T12:58:26,714825,2,enter
2025-08-24T12:58:26,148B14,1,leave
2025-08-24T12:58:29,9BD8F0,4,leave
2025-08-24T12:58:29,C8DF1A,4,leave
2025-08-24T12:58:29,4DD4E7,12,leave
2025-08-24T12:58:29,69916D,9,leave
2025-08-24T12:58:29,714825,2,leave
